<?xml version="1.0" encoding="utf-8"?>
<UANodeSet xmlns:xsi="http://www.w3.org/2001/XMLSchema-instance" xmlns:uax="http://opcfoundation.org/UA/2008/02/Types.xsd" xmlns="http://opcfoundation.org/UA/2011/03/UANodeSet.xsd" xmlns:s1="http://www.atlascopco.com/Tightening.Server/Types.xsd" xmlns:s2="http://opcfoundation.org/UA/IJT/Base/Types.xsd" xmlns:s3="http://opcfoundation.org/UA/Machinery/Result/Types.xsd" xmlns:ua="http://unifiedautomation.com/Configuration/NodeSet.xsd" xmlns:s4="http://opcfoundation.org/UA/Machinery/Types.xsd" xmlns:s5="http://opcfoundation.org/UA/DI/Types.xsd" xmlns:s6="http://opcfoundation.org/UA/AMB/Types.xsd" xmlns:xsd="http://www.w3.org/2001/XMLSchema" xmlns:s7="http://opcfoundation.org/UA/IJT/Tightening/Types.xsd">
    <NamespaceUris>
        <Uri>urn:AtlasCopco:IJT:Tightening:Server/</Uri>
		<Uri>http://opcfoundation.org/UA/IJT/Tightening/</Uri>
        <Uri>http://opcfoundation.org/UA/IJT/Base/</Uri>
		<Uri>http://opcfoundation.org/UA/DI/</Uri>
		 <Uri>http://opcfoundation.org/UA/AMB/</Uri>
        <Uri>http://opcfoundation.org/UA/Machinery/</Uri>
		<Uri>http://opcfoundation.org/UA/Machinery/Result/</Uri>       
    </NamespaceUris>
    <Models>
        <Model ModelUri="urn:AtlasCopco:IJT:Tightening:Server/" PublicationDate="2023-04-24T19:25:16Z" Version="1.00.0">
            <RequiredModel ModelUri="http://opcfoundation.org/UA/" PublicationDate="2022-11-01T00:00:00Z" Version="1.05.02"/>
            <RequiredModel ModelUri="http://opcfoundation.org/UA/DI/" PublicationDate="2022-11-03T00:00:00Z" Version="1.04.0"/>
            <RequiredModel ModelUri="http://opcfoundation.org/UA/AMB/" PublicationDate="2022-11-01T00:00:00Z" Version="1.01.0"/>
            <RequiredModel ModelUri="http://opcfoundation.org/UA/Machinery/" PublicationDate="2022-05-01T00:00:00Z" Version="1.02.0"/>
			<RequiredModel ModelUri="http://opcfoundation.org/UA/Machinery/Result/" PublicationDate="2023-01-01T00:00:00Z" Version="1.00.0"/>
            <RequiredModel ModelUri="http://opcfoundation.org/UA/IJT/Base/" PublicationDate="2023-03-18T17:21:42Z" Version="1.00.0"/>
			<RequiredModel ModelUri="http://opcfoundation.org/UA/IJT/Tightening/" PublicationDate="2023-06-12T08:40:49Z" Version="2.00.0"/>
        </Model>
    </Models>
    <Aliases>
        <Alias Alias="Boolean">i=1</Alias>
        <Alias Alias="String">i=12</Alias>
        <Alias Alias="DateTime">i=13</Alias>
        <Alias Alias="LocalizedText">i=21</Alias>
        <Alias Alias="HasModellingRule">i=37</Alias>
        <Alias Alias="HasTypeDefinition">i=40</Alias>
        <Alias Alias="HasSubtype">i=45</Alias>
        <Alias Alias="HasProperty">i=46</Alias>
        <Alias Alias="HasComponent">i=47</Alias>
        <Alias Alias="IdType">i=256</Alias>
        <Alias Alias="NumericRange">i=291</Alias>
        <Alias Alias="HasStructuredComponent">i=24136</Alias>
        <Alias Alias="TrimmedString">i=31918</Alias>
        <Alias Alias="RootCauseDataType">ns=6;i=3002</Alias>
        <Alias Alias="ResultMetaDataType">ns=3;i=3007</Alias>
        <Alias Alias="ResultDataType">ns=3;i=3008</Alias>
        <Alias Alias="JoiningResultMetaDataType">ns=2;i=3020</Alias>
        <Alias Alias="ThreadedFastenerDataType">ns=7;i=3003</Alias>
    </Aliases>
    <Extensions>
        <Extension>
            <ua:ModelInfo Tool="UaModeler" Hash="R2kieykvUxgQN5a6TF9/EQ==" Version="1.6.8"/>
        </Extension>
    </Extensions>
    <UAObject SymbolicName="http___www_atlascopco_com_Tightening_Server_" NodeId="ns=1;i=5003" BrowseName="1:http://www.atlascopco.com/Tightening.Server/">
        <DisplayName>http://www.atlascopco.com/Tightening.Server/</DisplayName>
        <References>
            <Reference ReferenceType="HasTypeDefinition">i=11616</Reference>
            <Reference ReferenceType="HasComponent" IsForward="false">i=11715</Reference>
            <Reference ReferenceType="HasProperty">ns=1;i=6015</Reference>
            <Reference ReferenceType="HasProperty">ns=1;i=6016</Reference>
            <Reference ReferenceType="HasProperty">ns=1;i=6017</Reference>
            <Reference ReferenceType="HasProperty">ns=1;i=6018</Reference>
            <Reference ReferenceType="HasProperty">ns=1;i=6019</Reference>
            <Reference ReferenceType="HasProperty">ns=1;i=6020</Reference>
            <Reference ReferenceType="HasProperty">ns=1;i=6021</Reference>
        </References>
    </UAObject>
    <UAVariable DataType="Boolean" ParentNodeId="ns=1;i=5003" NodeId="ns=1;i=6015" BrowseName="IsNamespaceSubset">
        <DisplayName>IsNamespaceSubset</DisplayName>
        <References>
            <Reference ReferenceType="HasTypeDefinition">i=68</Reference>
            <Reference ReferenceType="HasProperty" IsForward="false">ns=1;i=5003</Reference>
        </References>
        <Value>
            <uax:Boolean>false</uax:Boolean>
        </Value>
    </UAVariable>
    <UAVariable DataType="DateTime" ParentNodeId="ns=1;i=5003" NodeId="ns=1;i=6016" BrowseName="NamespacePublicationDate">
        <DisplayName>NamespacePublicationDate</DisplayName>
        <References>
            <Reference ReferenceType="HasTypeDefinition">i=68</Reference>
            <Reference ReferenceType="HasProperty" IsForward="false">ns=1;i=5003</Reference>
        </References>
        <Value>
            <uax:DateTime>2023-04-24T19:25:16Z</uax:DateTime>
        </Value>
    </UAVariable>
    <UAVariable DataType="String" ParentNodeId="ns=1;i=5003" NodeId="ns=1;i=6017" BrowseName="NamespaceUri">
        <DisplayName>NamespaceUri</DisplayName>
        <References>
            <Reference ReferenceType="HasTypeDefinition">i=68</Reference>
            <Reference ReferenceType="HasProperty" IsForward="false">ns=1;i=5003</Reference>
        </References>
        <Value>
            <uax:String>http://www.atlascopco.com/Tightening.Server/</uax:String>
        </Value>
    </UAVariable>
    <UAVariable DataType="String" ParentNodeId="ns=1;i=5003" NodeId="ns=1;i=6018" BrowseName="NamespaceVersion">
        <DisplayName>NamespaceVersion</DisplayName>
        <References>
            <Reference ReferenceType="HasTypeDefinition">i=68</Reference>
            <Reference ReferenceType="HasProperty" IsForward="false">ns=1;i=5003</Reference>
        </References>
        <Value>
            <uax:String>1.00.0</uax:String>
        </Value>
    </UAVariable>
    <UAVariable DataType="IdType" ParentNodeId="ns=1;i=5003" ValueRank="1" NodeId="ns=1;i=6019" ArrayDimensions="0" BrowseName="StaticNodeIdTypes">
        <DisplayName>StaticNodeIdTypes</DisplayName>
        <References>
            <Reference ReferenceType="HasTypeDefinition">i=68</Reference>
            <Reference ReferenceType="HasProperty" IsForward="false">ns=1;i=5003</Reference>
        </References>
    </UAVariable>
    <UAVariable DataType="NumericRange" ParentNodeId="ns=1;i=5003" ValueRank="1" NodeId="ns=1;i=6020" ArrayDimensions="0" BrowseName="StaticNumericNodeIdRange">
        <DisplayName>StaticNumericNodeIdRange</DisplayName>
        <References>
            <Reference ReferenceType="HasTypeDefinition">i=68</Reference>
            <Reference ReferenceType="HasProperty" IsForward="false">ns=1;i=5003</Reference>
        </References>
    </UAVariable>
    <UAVariable DataType="String" ParentNodeId="ns=1;i=5003" NodeId="ns=1;i=6021" BrowseName="StaticStringNodeIdPattern">
        <DisplayName>StaticStringNodeIdPattern</DisplayName>
        <References>
            <Reference ReferenceType="HasTypeDefinition">i=68</Reference>
            <Reference ReferenceType="HasProperty" IsForward="false">ns=1;i=5003</Reference>
        </References>
    </UAVariable>
</UANodeSet>
