<?xml version="1.0" encoding="utf-8"?>
<UANodeSet xmlns:xsi="http://www.w3.org/2001/XMLSchema-instance" xmlns:uax="http://opcfoundation.org/UA/2008/02/Types.xsd" xmlns="http://opcfoundation.org/UA/2011/03/UANodeSet.xsd" xmlns:s1="urn:AtlasCopco:IJT:Tightening:Server/Types.xsd" xmlns:s2="http://opcfoundation.org/UA/IJT/Tightening/Types.xsd" xmlns:s3="http://opcfoundation.org/UA/Machinery/Types.xsd" xmlns:ua="http://unifiedautomation.com/Configuration/NodeSet.xsd" xmlns:s4="http://opcfoundation.org/UA/DI/Types.xsd" xmlns:s5="http://opcfoundation.org/UA/IJT/Base/Types.xsd" xmlns:xsd="http://www.w3.org/2001/XMLSchema">
    <NamespaceUris>
        <Uri>urn:AtlasCopco:IJT:Tightening:Server/</Uri>
		<Uri>http://opcfoundation.org/UA/IJT/Tightening/</Uri>
        <Uri>http://opcfoundation.org/UA/IJT/Base/</Uri>
		<Uri>http://opcfoundation.org/UA/DI/</Uri>
		 <Uri>http://opcfoundation.org/UA/AMB/</Uri>
        <Uri>http://opcfoundation.org/UA/Machinery/</Uri>
		<Uri>http://opcfoundation.org/UA/Machinery/Result/</Uri>       
    </NamespaceUris>
    <Models>
        <Model ModelUri="urn:AtlasCopco:IJT:Tightening:Server/" PublicationDate="2024-02-16T10:03:23Z" Version="1.0.0">
            <RequiredModel ModelUri="http://opcfoundation.org/UA/" PublicationDate="2022-11-01T00:00:00Z" Version="1.05.02"/>
            <RequiredModel ModelUri="http://opcfoundation.org/UA/DI/" PublicationDate="2022-11-03T00:00:00Z" Version="1.04.0"/>
            <RequiredModel ModelUri="http://opcfoundation.org/UA/AMB/" PublicationDate="2022-11-01T00:00:00Z" Version="1.01.0"/>
            <RequiredModel ModelUri="http://opcfoundation.org/UA/Machinery/" PublicationDate="2023-08-01T00:00:00Z" Version="1.03.0"/>
			<RequiredModel ModelUri="http://opcfoundation.org/UA/Machinery/Result/" PublicationDate="2023-01-01T00:00:00Z" Version="1.00.0"/>
            <RequiredModel ModelUri="http://opcfoundation.org/UA/IJT/Base/" PublicationDate="2024-03-25T00:00:00Z" Version="1.00.0"/>
            <RequiredModel ModelUri="http://opcfoundation.org/UA/IJT/Tightening/" PublicationDate="2023-09-20T09:03:01Z" Version="2.00.0"/>
        </Model>
    </Models>
    <Aliases>
        <Alias Alias="Boolean">i=1</Alias>
        <Alias Alias="String">i=12</Alias>
        <Alias Alias="DateTime">i=13</Alias>
        <Alias Alias="HasTypeDefinition">i=40</Alias>
        <Alias Alias="HasProperty">i=46</Alias>
        <Alias Alias="HasComponent">i=47</Alias>
        <Alias Alias="IdType">i=256</Alias>
        <Alias Alias="NumericRange">i=291</Alias>
    </Aliases>
    <Extensions>
        <Extension>
            <ua:ModelInfo Tool="UaModeler" Hash="2ugw+Jy8tHdemUwoRlp2+Q==" Version="1.6.11"/>
        </Extension>
    </Extensions>
    <UAObject SymbolicName="urn_AtlasCopco_IJT_Tightening_Server_" NodeId="ns=1;i=5004" BrowseName="1:urn:AtlasCopco:IJT:Tightening:Server/">
        <DisplayName>urn:AtlasCopco:IJT:Tightening:Server/</DisplayName>
        <References>
            <Reference ReferenceType="HasProperty">ns=1;i=6007</Reference>
            <Reference ReferenceType="HasTypeDefinition">i=11616</Reference>
            <Reference ReferenceType="HasProperty">ns=1;i=6008</Reference>
            <Reference ReferenceType="HasProperty">ns=1;i=6009</Reference>
            <Reference ReferenceType="HasProperty">ns=1;i=6010</Reference>
            <Reference ReferenceType="HasProperty">ns=1;i=6011</Reference>
            <Reference ReferenceType="HasProperty">ns=1;i=6012</Reference>
            <Reference ReferenceType="HasProperty">ns=1;i=6013</Reference>
            <Reference ReferenceType="HasComponent" IsForward="false">i=11715</Reference>
        </References>
    </UAObject>
    <UAVariable DataType="Boolean" ParentNodeId="ns=1;i=5004" NodeId="ns=1;i=6007" BrowseName="IsNamespaceSubset">
        <DisplayName>IsNamespaceSubset</DisplayName>
        <References>
            <Reference ReferenceType="HasTypeDefinition">i=68</Reference>
            <Reference ReferenceType="HasProperty" IsForward="false">ns=1;i=5004</Reference>
        </References>
        <Value>
            <uax:Boolean>false</uax:Boolean>
        </Value>
    </UAVariable>
    <UAVariable DataType="DateTime" ParentNodeId="ns=1;i=5004" NodeId="ns=1;i=6008" BrowseName="NamespacePublicationDate">
        <DisplayName>NamespacePublicationDate</DisplayName>
        <References>
            <Reference ReferenceType="HasTypeDefinition">i=68</Reference>
            <Reference ReferenceType="HasProperty" IsForward="false">ns=1;i=5004</Reference>
        </References>
        <Value>
            <uax:DateTime>2024-02-16T10:03:23Z</uax:DateTime>
        </Value>
    </UAVariable>
    <UAVariable DataType="String" ParentNodeId="ns=1;i=5004" NodeId="ns=1;i=6009" BrowseName="NamespaceUri">
        <DisplayName>NamespaceUri</DisplayName>
        <References>
            <Reference ReferenceType="HasTypeDefinition">i=68</Reference>
            <Reference ReferenceType="HasProperty" IsForward="false">ns=1;i=5004</Reference>
        </References>
        <Value>
            <uax:String>urn:AtlasCopco:IJT:Tightening:Server/</uax:String>
        </Value>
    </UAVariable>
    <UAVariable DataType="String" ParentNodeId="ns=1;i=5004" NodeId="ns=1;i=6010" BrowseName="NamespaceVersion">
        <DisplayName>NamespaceVersion</DisplayName>
        <References>
            <Reference ReferenceType="HasTypeDefinition">i=68</Reference>
            <Reference ReferenceType="HasProperty" IsForward="false">ns=1;i=5004</Reference>
        </References>
        <Value>
            <uax:String>1.0.0</uax:String>
        </Value>
    </UAVariable>
    <UAVariable DataType="IdType" ParentNodeId="ns=1;i=5004" ValueRank="1" NodeId="ns=1;i=6011" ArrayDimensions="0" BrowseName="StaticNodeIdTypes">
        <DisplayName>StaticNodeIdTypes</DisplayName>
        <References>
            <Reference ReferenceType="HasTypeDefinition">i=68</Reference>
            <Reference ReferenceType="HasProperty" IsForward="false">ns=1;i=5004</Reference>
        </References>
    </UAVariable>
    <UAVariable DataType="NumericRange" ParentNodeId="ns=1;i=5004" ValueRank="1" NodeId="ns=1;i=6012" ArrayDimensions="0" BrowseName="StaticNumericNodeIdRange">
        <DisplayName>StaticNumericNodeIdRange</DisplayName>
        <References>
            <Reference ReferenceType="HasTypeDefinition">i=68</Reference>
            <Reference ReferenceType="HasProperty" IsForward="false">ns=1;i=5004</Reference>
        </References>
    </UAVariable>
    <UAVariable DataType="String" ParentNodeId="ns=1;i=5004" NodeId="ns=1;i=6013" BrowseName="StaticStringNodeIdPattern">
        <DisplayName>StaticStringNodeIdPattern</DisplayName>
        <References>
            <Reference ReferenceType="HasTypeDefinition">i=68</Reference>
            <Reference ReferenceType="HasProperty" IsForward="false">ns=1;i=5004</Reference>
        </References>
    </UAVariable>
</UANodeSet>
