{
    "joiningsystem": {
        "name": "TighteningSystem",
        "integratorName": "Tightening System Integrator",
        "manufacturer": "Atlas Copco",
        "manufacturerUri": "www.atlascopco.com",
        "description": "Atlas Copco Tightening System",
        "model": "Atlas Copco Handheld System",
        "systemId": "Atlas Copco Handheld System",
        "joiningTechnology": "Tightening",
        "location": "N 59.304233 E 18.119581"
    },
    "controller": {
        "manufacturer": "Atlas Copco",
        "manufacturerUri": "www.atlascopco.com",
        "deviceClass": "Tightening Controller",
        "model": "ICB-A",
        "productCode": "4211571080",
        "serialNumber": "A4671156",
        "description": "Tightening Controller",
        "hardwareRevision": "1.0",
        "softwareRevision": "2.0",
        "yearOfConstruction": 2024,
        "monthOfConstruction": 9,
        "assetId": "Line1.Station1.Controller1",
        "componentName": "Station 1 Tightening Controller",
        "supplierCode": "SAP5892145",
        "location": "Station 1"
    },
    "tool": {
        "manufacturer": "Atlas Copco",
        "manufacturerUri": "www.atlascopco.com",
        "deviceClass": "Tightening Tool",
        "model": "ICB-A",
        "productCode": "8436002007",
        "serialNumber": "A4761017",
        "description": "Tightening Tool",
        "hardwareRevision": "1.0",
        "softwareRevision": "2.0",
        "yearOfConstruction": 2024,
        "monthOfConstruction": 9,
        "assetId": "Line1.Station1.Tool1",
        "componentName": "Station 1 Tightening Tool",
        "supplierCode": "SAP5892145",
        "location": "Station 1"
    },
    "servo": {
        "manufacturer": "Atlas Copco",
        "manufacturerUri": "www.atlascopco.com",
        "deviceClass": "Servo Motor",
        "model": "SM-200",
        "productCode": "SM2002024",
        "serialNumber": "SM123456",
        "description": "Servo Motor",
        "hardwareRevision": "1.0",
        "softwareRevision": "2.0",
        "yearOfConstruction": 2024,
        "monthOfConstruction": 9,
        "assetId": "Line1.Station1.Servo1",
        "componentName": "Station 1 Servo Motor",
        "supplierCode": "SAP5892145",
        "location": "Station 1"
    },
    "battery": {
        "manufacturer": "Atlas Copco",
        "manufacturerUri": "www.atlascopco.com",
        "deviceClass": "Battery",
        "model": "BAT-100",
        "productCode": "BAT1002024",
        "serialNumber": "BAT123456",
        "description": "Battery",
        "hardwareRevision": "1.0",
        "softwareRevision": "2.0",
        "yearOfConstruction": 2024,
        "monthOfConstruction": 9,
        "assetId": "Line1.Station1.Battery1",
        "componentName": "Station 1 Battery",
        "supplierCode": "SAP5892145",
        "location": "Station 1"
    },
    "memorydevice": {
        "manufacturer": "Atlas Copco",
        "manufacturerUri": "www.atlascopco.com",
        "deviceClass": "Memory Device",
        "model": "MEM-500",
        "productCode": "MEM5002024",
        "serialNumber": "MEM123456",
        "description": "Memory Device",
        "hardwareRevision": "1.0",
        "softwareRevision": "2.0",
        "yearOfConstruction": 2024,
        "monthOfConstruction": 9,
        "assetId": "Line1.Station1.MemoryDevice1",
        "componentName": "Station 1 Memory Device",
        "supplierCode": "SAP5892145",
        "location": "Station 1"
    },
    "feeder": {
        "manufacturer": "Atlas Copco",
        "manufacturerUri": "www.atlascopco.com",
        "deviceClass": "Feeder",
        "model": "FD-300",
        "productCode": "FD3002024",
        "serialNumber": "FD123456",
        "description": "Feeder",
        "hardwareRevision": "1.0",
        "softwareRevision": "2.0",
        "yearOfConstruction": 2024,
        "monthOfConstruction": 9,
        "assetId": "Line1.Station1.Feeder1",
        "componentName": "Station 1 Feeder",
        "supplierCode": "SAP5892145",
        "location": "Station 1"
    },
    "powersupply": {
        "manufacturer": "Atlas Copco",
        "manufacturerUri": "www.atlascopco.com",
        "deviceClass": "Power Supply",
        "model": "PS-400",
        "productCode": "PS4002024",
        "serialNumber": "PS123456",
        "description": "Power Supply",
        "hardwareRevision": "1.0",
        "softwareRevision": "2.0",
        "yearOfConstruction": 2024,
        "monthOfConstruction": 9,
        "assetId": "Line1.Station1.PowerSupply1",
        "componentName": "Station 1 Power Supply",
        "supplierCode": "SAP5892145",
        "location": "Station 1"
    },
    "cable": {
        "manufacturer": "Atlas Copco",
        "manufacturerUri": "www.atlascopco.com",
        "deviceClass": "Cable",
        "model": "CB-100",
        "productCode": "CB1002024",
        "serialNumber": "CB123456",
        "description": "Cable",
        "hardwareRevision": "1.0",
        "softwareRevision": "2.0",
        "yearOfConstruction": 2024,
        "monthOfConstruction": 9,
        "assetId": "Line1.Station1.Cable1",
        "componentName": "Station 1 Cable",
        "supplierCode": "SAP5892145",
        "location": "Station 1"
    },
    "sensor": {
        "manufacturer": "Atlas Copco",
        "manufacturerUri": "www.atlascopco.com",
        "deviceClass": "Sensor",
        "model": "SN-100",
        "productCode": "SN1002024",
        "serialNumber": "SN123456",
        "description": "Torque Sensor",
        "hardwareRevision": "1.0",
        "softwareRevision": "2.0",
        "yearOfConstruction": 2024,
        "monthOfConstruction": 9,
        "assetId": "Line1.Station1.Sensor1",
        "componentName": "Station 1 Torque Sensor",
        "supplierCode": "SAP5892145",
        "location": "Station 1"
    },
    "accessory": {
        "manufacturer": "Atlas Copco",
        "manufacturerUri": "www.atlascopco.com",
        "deviceClass": "Accessory",
        "model": "AC-200",
        "productCode": "AC2002024",
        "serialNumber": "AC123456",
        "description": "Tool Accessory",
        "hardwareRevision": "1.0",
        "softwareRevision": "2.0",
        "yearOfConstruction": 2024,
        "monthOfConstruction": 9,
        "assetId": "Line1.Station1.Accessory1",
        "componentName": "Station 1 Tool Accessory",
        "supplierCode": "SAP5892145",
        "location": "Station 1"
    },
    "subcomponent": {
        "manufacturer": "Atlas Copco",
        "manufacturerUri": "www.atlascopco.com",
        "deviceClass": "Subcomponent",
        "model": "SC-300",
        "productCode": "SC3002024",
        "serialNumber": "SC123456",
        "description": "Internal Subcomponent",
        "hardwareRevision": "1.0",
        "softwareRevision": "2.0",
        "yearOfConstruction": 2024,
        "monthOfConstruction": 9,
        "assetId": "Line1.Station1.Subcomponent1",
        "componentName": "Station 1 Subcomponent",
        "supplierCode": "SAP5892145",
        "location": "Station 1"
    },
    "software": {
        "manufacturer": "Atlas Copco",
        "manufacturerUri": "www.atlascopco.com",
        "deviceClass": "Software",
        "model": "SW-1.0",
        "productCode": "SW1002024",
        "serialNumber": "SW123456",
        "description": "Software",
        "hardwareRevision": "1.0",
        "softwareRevision": "2.0",
        "yearOfConstruction": 2024,
        "monthOfConstruction": 9,
        "assetId": "Line1.Station1.Software1",
        "componentName": "Station 1 Software",
        "supplierCode": "SAP5892145",
        "location": "Station 1"
    },
    "virtualstation": {
        "manufacturer": "Atlas Copco",
        "manufacturerUri": "www.atlascopco.com",
        "deviceClass": "Virtual Station",
        "model": "VS-1.0",
        "productCode": "VS1002024",
        "serialNumber": "VS123456",
        "description": "Virtual Station",
        "hardwareRevision": "1.0",
        "softwareRevision": "2.0",
        "yearOfConstruction": 2024,
        "monthOfConstruction": 9,
        "assetId": "Line1.Station1.VirtualStation1",
        "componentName": "Station 1 Virtual Station",
        "supplierCode": "SAP5892145",
        "location": "Station 1"
    }
}