{
	"serverConfigurationData": {
		"maxMonitoredItems": 1000,
		"maxBrowseRefsPerNode": 1000,
		"maxMonItemQueueSize": 100,
		"maxOperandsInListOperator": 10,
		"tcpBinaryConnectionTimeoutInMs": 60000,
		"tcpBinaryMaxMessageChunkSize": 65536,
		"tcpBinaryMaxChunkCount": 0,
		"tcpBinaryMaxConnections": 50,
		"tcpBinaryMaxMessageSize": 4194304,
		"secureChannelMinRevisedChannelLifetimeInMs": 3600000,
		"secureChannelMaxRevisedChannelLifetimeInMs": 86400000,
		"secureChannelMaxChannels": 40,
		"minRevisedSessionTimeoutInMs": 60000,
		"maxRevisedSessionTimeoutInMs": 600000,
		"maxSessions": 20,
		"maxSubscriptionsPerSession": 20,
		"maxNotificationRetransmissionQueueSize": 100,
		"maxPublishRequestsPerSession": 40,
		"isServerObjectOnlyEventNotifierNode": false,
		"productUri": "www.atlascopco.com/OPCUA/IJT/Tightening/Server",
		"autoTrustCertificates": true,
		"minimumDurationBetweenRequestedResults": 100.0,
		"discoveryServerUrl": "opc.tcp://localhost:4840",
		"productName": "Tightening System - Simulation",
		"serverEndpointTcpPort": 40451
	}
}