<?xml version="1.0" encoding="utf-8"?>
<UANodeSet xmlns:ua="http://unifiedautomation.com/Configuration/NodeSet.xsd" xmlns:xsd="http://www.w3.org/2001/XMLSchema" xmlns:uax="http://opcfoundation.org/UA/2008/02/Types.xsd" xmlns:xsi="http://www.w3.org/2001/XMLSchema-instance" xmlns="http://opcfoundation.org/UA/2011/03/UANodeSet.xsd" xmlns:s1="urn:AtlasCopco:IJT:Tightening:Server/Types.xsd">
    <NamespaceUris>
        <Uri>urn:AtlasCopco:IJT:Tightening:Server/</Uri>
    </NamespaceUris>
    <Models>
        <Model ModelUri="urn:AtlasCopco:IJT:Tightening:Server/" Version="1.0.1" PublicationDate="2025-06-18T19:01:44Z">
            <RequiredModel ModelUri="http://opcfoundation.org/UA/" PublicationDate="2024-12-01T00:00:00Z" Version="1.05.04"/>
            <RequiredModel ModelUri="http://opcfoundation.org/UA/DI/" PublicationDate="2024-07-25T00:00:00Z" Version="1.04.1"/>
            <RequiredModel ModelUri="http://opcfoundation.org/UA/AMB/" PublicationDate="2024-02-27T00:00:00Z" Version="1.01.1"/>
            <RequiredModel ModelUri="http://opcfoundation.org/UA/IA/" PublicationDate="2024-02-28T00:00:00Z" Version="1.01.2"/>
            <RequiredModel ModelUri="http://opcfoundation.org/UA/Machinery/" PublicationDate="2025-07-01T00:00:00Z" Version="1.04.0"/>
            <RequiredModel ModelUri="http://opcfoundation.org/UA/Machinery/Result/" PublicationDate="2025-07-01T00:00:00Z" Version="1.01.0"/>
            <RequiredModel ModelUri="http://opcfoundation.org/UA/IJT/Base/" PublicationDate="2025-05-18T00:00:21Z" Version="1.01.0"/>
			<RequiredModel ModelUri="http://opcfoundation.org/UA/IJT/Tightening/" PublicationDate="2025-09-18T00:00:00Z" Version="2.00.1"/>
        </Model>
    </Models>
    <Aliases>
        <Alias Alias="Boolean">i=1</Alias>
        <Alias Alias="String">i=12</Alias>
        <Alias Alias="DateTime">i=13</Alias>
        <Alias Alias="HasTypeDefinition">i=40</Alias>
        <Alias Alias="HasProperty">i=46</Alias>
        <Alias Alias="HasComponent">i=47</Alias>
        <Alias Alias="IdType">i=256</Alias>
        <Alias Alias="NumericRange">i=291</Alias>
    </Aliases>
    <Extensions>
        <Extension>
            <ua:ModelInfo Tool="UaModeler" Version="1.7.1" Hash="L+/9Pdv8+HOSzBnHJ066Xw=="/>
        </Extension>
    </Extensions>
    <UAObject NodeId="ns=1;i=5004" SymbolicName="urn_AtlasCopco_IJT_Tightening_Server_" BrowseName="1:urn:AtlasCopco:IJT:Tightening:Server/">
        <DisplayName>urn:AtlasCopco:IJT:Tightening:Server/</DisplayName>
        <References>
            <Reference ReferenceType="HasTypeDefinition">i=11616</Reference>
            <Reference ReferenceType="HasProperty">ns=1;i=6007</Reference>
            <Reference ReferenceType="HasProperty">ns=1;i=6008</Reference>
            <Reference ReferenceType="HasProperty">ns=1;i=6009</Reference>
            <Reference ReferenceType="HasProperty">ns=1;i=6010</Reference>
            <Reference ReferenceType="HasProperty">ns=1;i=6011</Reference>
            <Reference ReferenceType="HasProperty">ns=1;i=6012</Reference>
            <Reference ReferenceType="HasProperty">ns=1;i=6013</Reference>
            <Reference IsForward="false" ReferenceType="HasComponent">i=11715</Reference>
        </References>
    </UAObject>
    <UAVariable ParentNodeId="ns=1;i=5004" NodeId="ns=1;i=6007" DataType="Boolean" BrowseName="IsNamespaceSubset">
        <DisplayName>IsNamespaceSubset</DisplayName>
        <References>
            <Reference ReferenceType="HasTypeDefinition">i=68</Reference>
            <Reference IsForward="false" ReferenceType="HasProperty">ns=1;i=5004</Reference>
        </References>
        <Value>
            <uax:Boolean>false</uax:Boolean>
        </Value>
    </UAVariable>
    <UAVariable ParentNodeId="ns=1;i=5004" NodeId="ns=1;i=6008" DataType="DateTime" BrowseName="NamespacePublicationDate">
        <DisplayName>NamespacePublicationDate</DisplayName>
        <References>
            <Reference ReferenceType="HasTypeDefinition">i=68</Reference>
            <Reference IsForward="false" ReferenceType="HasProperty">ns=1;i=5004</Reference>
        </References>
        <Value>
            <uax:DateTime>2025-06-18T19:01:44Z</uax:DateTime>
        </Value>
    </UAVariable>
    <UAVariable ParentNodeId="ns=1;i=5004" NodeId="ns=1;i=6009" DataType="String" BrowseName="NamespaceUri">
        <DisplayName>NamespaceUri</DisplayName>
        <References>
            <Reference ReferenceType="HasTypeDefinition">i=68</Reference>
            <Reference IsForward="false" ReferenceType="HasProperty">ns=1;i=5004</Reference>
        </References>
        <Value>
            <uax:String>urn:AtlasCopco:IJT:Tightening:Server/</uax:String>
        </Value>
    </UAVariable>
    <UAVariable ParentNodeId="ns=1;i=5004" NodeId="ns=1;i=6010" DataType="String" BrowseName="NamespaceVersion">
        <DisplayName>NamespaceVersion</DisplayName>
        <References>
            <Reference ReferenceType="HasTypeDefinition">i=68</Reference>
            <Reference IsForward="false" ReferenceType="HasProperty">ns=1;i=5004</Reference>
        </References>
        <Value>
            <uax:String>1.0.1</uax:String>
        </Value>
    </UAVariable>
    <UAVariable ValueRank="1" ParentNodeId="ns=1;i=5004" NodeId="ns=1;i=6011" ArrayDimensions="0" DataType="IdType" BrowseName="StaticNodeIdTypes">
        <DisplayName>StaticNodeIdTypes</DisplayName>
        <References>
            <Reference ReferenceType="HasTypeDefinition">i=68</Reference>
            <Reference IsForward="false" ReferenceType="HasProperty">ns=1;i=5004</Reference>
        </References>
    </UAVariable>
    <UAVariable ValueRank="1" ParentNodeId="ns=1;i=5004" NodeId="ns=1;i=6012" ArrayDimensions="0" DataType="NumericRange" BrowseName="StaticNumericNodeIdRange">
        <DisplayName>StaticNumericNodeIdRange</DisplayName>
        <References>
            <Reference ReferenceType="HasTypeDefinition">i=68</Reference>
            <Reference IsForward="false" ReferenceType="HasProperty">ns=1;i=5004</Reference>
        </References>
    </UAVariable>
    <UAVariable ParentNodeId="ns=1;i=5004" NodeId="ns=1;i=6013" DataType="String" BrowseName="StaticStringNodeIdPattern">
        <DisplayName>StaticStringNodeIdPattern</DisplayName>
        <References>
            <Reference ReferenceType="HasTypeDefinition">i=68</Reference>
            <Reference IsForward="false" ReferenceType="HasProperty">ns=1;i=5004</Reference>
        </References>
    </UAVariable>
</UANodeSet>
