{
    // Use IntelliSense to learn about possible attributes.
    // Hover to view descriptions of existing attributes.
    // For more information, visit: https://go.microsoft.com/fwlink/?linkid=830387
    '"version'": '"0.2.0'",
    '"configurations'": [
        {
            '"type'": '"node'",
            '"request'": '"launch'",
            '"name'": '"Launch Program'",
            '"skipFiles'": [
                '"<node_internals>/**'"
            ],
            '"program'": '"${workspaceFolder}\\OPC_UA_Clients\\NodeOPCUA_IJT_Client\\Javascripts\\Client\\NodeOPCUAInterface.mjs'",
            '"outFiles'": [
                '"${workspaceFolder}/**/*.js'"
            ]
        }
    ]
}